CTR,Sexo,Edad,Dispositivo,Día de la semana
9.77,Desconocido,Desconocido,Teléfonos móviles,Viernes
9.09,Mujer,35 - 44,Teléfonos móviles,Viernes
16.0,Desconocido,Desconocido,Teléfonos móviles,Martes
20.0,Hombre,45 - 54,Teléfonos móviles,Domingo
30.88,Desconocido,Desconocido,Teléfonos móviles,Lunes
11.11,Mujer,35 - 44,Teléfonos móviles,Domingo
9.84,Desconocido,Desconocido,Teléfonos móviles,Miércoles
10.0,Mujer,45 - 54,Teléfonos móviles,Domingo
7.69,Mujer,55 - 64,Teléfonos móviles,Sábado
11.11,Mujer,35 - 44,Teléfonos móviles,Miércoles
11.11,Mujer,25 - 34,Teléfonos móviles,Domingo
7.69,Mujer,25 - 34,Teléfonos móviles,Sábado
14.29,Mujer,35 - 44,Teléfonos móviles,Sábado
